,dataset_name,severity_description.x,severity_level,Conclusion,second_buy,Label,battery,battery_category,X10_60,X10_75,X10_100,X10_125,X10_150,X40_60,X40_75,X40_100,X40_125,X40_150,X30_75,X30_100,X30_125,X30_150
1,1500mAh1-100S0C,"No effect, local heating, internal discharge – 2",2,TP,76.2,1,Rec,Lab/Generic,0.518954248,0.490909091,0.425274725,0.348275862,0.30141844,0.595238095,0.537962963,0.455191257,0.403100775,0.328528529,0.465942029,0.337089202,0.276736111,0.259779614
2,1500mAh1-20S0C,"No effect, local heating, internal discharge – 2",2,TP,73,1,Rec,Lab/Generic,0.488888889,0.392929293,0.31978022,0.273850575,0.254846336,0.638095238,0.45,0.362295082,0.337209302,0.299099099,0.418115942,0.284976526,0.210763889,0.102479339
3,1500mAh1-40S0C,"No effect, local heating, internal discharge – 2",2,FP,71,0,Rec,Lab/Generic,0.429411765,0.346969697,0.251648352,0.197413793,0.166193853,0.515873016,0.390740741,0.244808743,0.194573643,0.177477477,0.242753623,0.255868545,0.276041667,0.355647383
4,1500mAh1-60S0C,"No effect, local heating, internal discharge – 2",2,TP,61.7,1,Rec,Lab/Generic,0.647058824,0.566161616,0.472161172,0.391954023,0.335460993,0.63015873,0.512962963,0.416393443,0.370930233,0.324924925,0.446376812,0.4,0.341319444,0.343250689
5,1500mAh1-80S0C,"No effect, local heating, internal discharge – 2",2,TP,78.9,1,Rec,Lab/Generic,0.538562092,0.443939394,0.360805861,0.292816092,0.269030733,0.541269841,0.47962963,0.407650273,0.343410853,0.316816817,0.32173913,0.23286385,0.18125,0.379338843
6,1500mAh2-100S0C,"No effect, local heating, internal discharge – 2",2,TP,53.2,1,Rec,Lab/Generic,0.622222222,0.541919192,0.431135531,0.372701149,0.33356974,0.7,0.599074074,0.513114754,0.426744186,0.35975976,0.315942029,0.294835681,0.285763889,0.328374656
7,1500mAh2-20S0C,"No effect, local heating, internal discharge – 2",2,TP,61.9,1,Rec,Lab/Generic,0.495424837,0.419191919,0.342124542,0.268390805,0.220803783,0.626984127,0.559259259,0.416939891,0.30503876,0.275975976,0.442028986,0.410798122,0.354861111,0.363911846
8,1500mAh2-40S0C,"No effect, local heating, internal discharge – 2",2,TP,85.5,1,Rec,Lab/Generic,0.621568627,0.574747475,0.475457875,0.401149425,0.330023641,0.623809524,0.537962963,0.458469945,0.411627907,0.359159159,0.376086957,0.322535211,0.320833333,0.301101928
9,1500mAh2-60S0C,"No effect, local heating, internal discharge – 2",2,TP,75.9,1,Rec,Lab/Generic,0.37254902,0.38989899,0.37985348,0.361206897,0.336406619,0.850793651,0.662962963,0.391256831,0.360852713,0.328528529,0.539855072,0.45399061,0.398263889,0.299449036
10,1500mAh2-80S0C,"No effect, local heating, internal discharge – 2",2,TP,75.5,1,Rec,Lab/Generic,0.478431373,0.416161616,0.337728938,0.286206897,0.245862884,0.631746032,0.547222222,0.396174863,0.300387597,0.252552553,0.457971014,0.397183099,0.361458333,0.354269972
11,1500mAh3-100S0C,"No effect, local heating, internal discharge – 2",2,TP,72.8,1,Rec,Lab/Generic,0.605228758,0.536363636,0.442124542,0.387931034,0.331678487,0.66031746,0.557407407,0.46010929,0.398449612,0.316216216,0.439855072,0.361032864,0.316666667,0.349035813
12,1500mAh3-20S0C,"No effect, local heating, internal discharge – 2",2,TP,64.7,1,Rec,Lab/Generic,0.583006536,0.518181818,0.446520147,0.413793103,0.380378251,0.661904762,0.548148148,0.470491803,0.422093023,0.375075075,0.485507246,0.392957746,0.344097222,0.288980716
13,1500mAh3-40S0C,"No effect, local heating, internal discharge – 2",2,TP,69.4,1,Rec,Lab/Generic,0.465359477,0.456565657,0.398534799,0.365517241,0.339243499,0.598412698,0.568518519,0.439344262,0.389534884,0.350750751,0.529710145,0.44741784,0.378472222,0.335812672
14,1500mAh3-60S0C,"No effect, local heating, internal discharge – 2",2,TP,67,1,Rec,Lab/Generic,0.488235294,0.46010101,0.342124542,0.283908046,0.23356974,0.514285714,0.432407407,0.332786885,0.312790698,0.290690691,0.429710145,0.353051643,0.290625,0.315151515
15,1500mAh3-80S0C,"No effect, local heating, internal discharge – 2",2,TP,76.9,1,Rec,Lab/Generic,0.560130719,0.494949495,0.417582418,0.361494253,0.31465721,0.647619048,0.541666667,0.438251366,0.370542636,0.346546547,0.534782609,0.454929577,0.415625,0.31184573
16,2000mAh1-100S0C,"Moderate effect, extended joule heating, local reactions (no spread) – 3",3,TP,44.4,1,Rec,Lab/Generic,0.508496732,0.469191919,0.380952381,0.331896552,0.3,0.60952381,0.503703704,0.431693989,0.366666667,0.315615616,0.402173913,0.26056338,0.192708333,0.263360882
17,2000mAh1-20S0C,"No effect, local heating, internal discharge – 2",2,TP,70,1,Rec,Lab/Generic,0.519607843,0.46969697,0.441025641,0.380172414,0.35177305,0.536507937,0.446296296,0.418032787,0.350387597,0.315315315,0.589130435,0.504694836,0.443055556,0.391460055
18,2000mAh1-40S0C,"No effect, local heating, internal discharge – 2",2,TP,62.2,1,Rec,Lab/Generic,0.463398693,0.43030303,0.375091575,0.312643678,0.28463357,0.612698413,0.518518519,0.441530055,0.375968992,0.344744745,0.494202899,0.368544601,0.30625,0.316804408
19,2000mAh1-60S0C,"Moderate effect, extended joule heating, local reactions (no spread) – 3",3,TP,55.3,1,Rec,Lab/Generic,0.47124183,0.448484848,0.356043956,0.295977011,0.262411348,0.579365079,0.50462963,0.416393443,0.353875969,0.31021021,0.584782609,0.479342723,0.399652778,0.402479339
20,2000mAh1-80S0C,"Moderate effect, extended joule heating, local reactions (no spread) – 3",3,TP,65.8,1,Rec,Lab/Generic,0.603921569,0.562626263,0.479120879,0.397126437,0.346572104,0.584126984,0.536111111,0.445355191,0.39379845,0.352552553,0.45942029,0.402816901,0.351388889,0.365564738
21,2000mAh2-100S0C,"Moderate effect, extended joule heating, local reactions (no spread) – 3",3,TP,43.9,1,Rec,Lab/Generic,0.444444444,0.397474747,0.354578755,0.311206897,0.268794326,0.634920635,0.5,0.412568306,0.352325581,0.291891892,0.536231884,0.461502347,0.369444444,0.411019284
22,2000mAh2-20S0C,"No effect, local heating, internal discharge – 2",2,TP,45.8,1,Rec,Lab/Generic,0.577777778,0.51010101,0.43003663,0.38362069,0.331205674,0.663492063,0.576851852,0.454098361,0.398062016,0.345645646,0.582608696,0.500938967,0.424652778,0.351515152
23,2000mAh2-40S0C,"No effect, local heating, internal discharge – 2",2,TP,44.9,1,Rec,Lab/Generic,0.503267974,0.473737374,0.411721612,0.343965517,0.282978723,0.596825397,0.539814815,0.457923497,0.362403101,0.280780781,0.572463768,0.4342723,0.378819444,0.404132231
24,2000mAh2-60S0C,"Moderate effect, extended joule heating, local reactions (no spread) – 3",3,TP,33.9,1,Rec,Lab/Generic,0.483006536,0.478282828,0.458608059,0.40545977,0.368794326,0.620634921,0.562037037,0.483060109,0.422093023,0.37957958,0.505797101,0.41971831,0.374305556,0.373553719
25,2000mAh2-80S0C,"Moderate effect, extended joule heating, local reactions (no spread) – 3",3,TP,35,1,Rec,Lab/Generic,0.582352941,0.545454545,0.476556777,0.411781609,0.372104019,0.668253968,0.59537037,0.514754098,0.431007752,0.376276276,0.499275362,0.466666667,0.405555556,0.306887052
26,500mAh1-100S0C,"No effect, local heating, internal discharge – 2",2,TP,92.5,1,Rec,Lab/Generic,0.593464052,0.544444444,0.478388278,0.421264368,0.386288416,0.647619048,0.577777778,0.490163934,0.423643411,0.387987988,0.310144928,0.287323944,0.276388889,0.315702479
27,500mAh1-20S0C,"No effect, local heating, internal discharge – 2",2,FP,-9999,2,Rec,Lab/Generic,0.410457516,0.360606061,0.296703297,0.260057471,0.238770686,0.379365079,0.25462963,0.259562842,0.255426357,0.23963964,0.425362319,0.3,0.221875,0.30661157
28,500mAh1-40S0C,"No effect, local heating, internal discharge – 2",2,NA,69.1,2,Rec,Lab/Generic,0.422875817,0.413131313,0.318681319,0.25,0.205910165,0.414285714,0.362037037,0.242076503,0.210077519,0.196696697,0.463043478,0.410328638,0.375347222,0.327548209
29,500mAh1-60S0C,"No effect, local heating, internal discharge – 2",2,TP,82.8,1,Rec,Lab/Generic,0.475163399,0.422727273,0.37985348,0.34683908,0.31678487,0.625396825,0.535185185,0.446994536,0.397286822,0.36006006,0.521014493,0.455868545,0.414930556,0.398898072
30,500mAh1-80S0C,"No effect, local heating, internal discharge – 2",2,TP,93.5,1,Rec,Lab/Generic,0.531372549,0.464646465,0.39010989,0.362068966,0.324822695,0.598412698,0.538888889,0.455737705,0.410077519,0.355855856,0.593478261,0.512676056,0.447222222,0.312121212
31,500mAh2-100S0C,"No effect, local heating, internal discharge – 2",2,TP,103.2,1,Rec,Lab/Generic,0.513071895,0.483838384,0.416117216,0.359770115,0.321985816,0.546031746,0.492592593,0.408196721,0.358914729,0.315915916,0.561594203,0.448356808,0.356944444,0.308539945
32,500mAh2-20S0C,"No effect, local heating, internal discharge – 2",2,TP,89.8,1,Rec,Lab/Generic,0.683006536,0.592929293,0.488278388,0.383045977,0.315130024,0.668253968,0.536111111,0.421311475,0.365503876,0.314414414,0.541304348,0.456807512,0.402083333,0.295592287
33,500mAh2-40S0C,"No effect, local heating, internal discharge – 2",2,TP,97,1,Rec,Lab/Generic,0.667973856,0.589393939,0.493772894,0.422988506,0.366666667,0.587301587,0.505555556,0.456830601,0.386821705,0.365165165,0.325362319,0.333333333,0.298958333,0.07982374
34,500mAh2-60S0C,"No effect, local heating, internal discharge – 2",2,TP,105.8,1,Rec,Lab/Generic,0.274509804,0.292929293,0.317948718,0.283908046,0.263829787,0.417460317,0.366666667,0.36010929,0.325968992,0.290990991,0.381884058,0.343661972,0.322222222,0.041832975
35,500mAh2-80S0C,"No effect, local heating, internal discharge – 2",2,TP,113.4,1,Rec,Lab/Generic,0.494117647,0.381818182,0.290842491,0.285057471,0.273522459,0.501587302,0.359259259,0.328415301,0.317829457,0.294894895,0.551449275,0.453051643,0.380555556,0.298898072
36,500mAh3-100S0C,"No effect, local heating, internal discharge – 2",2,TP,124,1,Rec,Lab/Generic,0.523529412,0.468181818,0.396336996,0.335632184,0.325295508,0.59047619,0.528703704,0.427868852,0.36124031,0.342342342,0.589855072,0.501408451,0.445138889,0.35785124
37,500mAh3-20S0C,"No effect, local heating, internal discharge – 2",2,FP,101,0,Rec,Lab/Generic,0.634640523,0.585858586,0.515384615,0.467816092,0.417257683,0.688888889,0.568518519,0.47704918,0.424031008,0.36966967,0.576086957,0.508920188,0.446180556,0.198798134
38,500mAh3-40S0C,"No effect, local heating, internal discharge – 2",2,TP,115.4,1,Rec,Lab/Generic,0.568627451,0.525757576,0.451648352,0.397126437,0.345862884,0.649206349,0.593518519,0.508196721,0.438372093,0.365465465,0.523188406,0.444600939,0.357986111,0.0523412
39,500mAh3-60S0C,"No effect, local heating, internal discharge – 2",2,FP,103.5,0,Rec,Lab/Generic,0.594117647,0.496464646,0.43040293,0.337643678,0.310874704,0.603174603,0.521296296,0.42568306,0.352325581,0.296096096,0.556521739,0.458685446,0.386805556,0.131398762
40,500mAh3-80S0C,"No effect, local heating, internal discharge – 2",2,TP,119.3,1,Rec,Lab/Generic,0.588888889,0.520707071,0.43003663,0.373275862,0.330496454,0.626984127,0.552777778,0.440437158,0.387209302,0.345045045,0.523188406,0.438497653,0.376041667,0.023289175
41,LCO-LP-6400mAh-100SOC-cell1,"Physical effect, rupture of pouch, smoke, gas release, fire – 7",7,TP,24.8,1,LCO,Lab/Custom,0.405228758,0.376262626,0.284981685,0.25,0.224822695,0.568253968,0.444444444,0.371038251,0.313953488,0.26893714,0.524637681,0.468075117,0.389583333,0.366666667
42,LCO-LP-6400mAh-100SOC-cell2,"Physical effect, rupture of pouch, smoke, gas release, fire – 7",7,TP,21.3,1,LCO,Lab/Custom,0.283660131,0.219191919,0.158974359,0.124712644,0.102600473,0.287301587,0.198148148,0.142076503,0.129844961,0.09371894,0.523913043,0.455868545,0.370486111,0.387878788
43,LCO-LP-6400mAh-80SOC-Cell3,"Physical effect, rupture of pouch, smoke, gas release, fire – 7",7,TP,31.8,1,LCO,Lab/Custom,0.412418301,0.40959596,0.364835165,0.33362069,0.306146572,0.571428571,0.512962963,0.480874317,0.426744186,0.35324232,0.542753623,0.449295775,0.400347222,0.361432507
44,LCO-LP6400mAh-80SOC-cell4,"Physical effect, rupture of pouch, smoke, gas release, fire – 7",7,TP,75.5,1,LCO,Lab/Custom,0.548366013,0.498484848,0.448351648,0.391954023,0.340425532,0.625396825,0.544444444,0.459562842,0.383333333,0.334312325,0.550724638,0.462441315,0.366319444,0.352066116
45,LFP10Ah-60SOC-Cell17,"Moderate effect, extended joule heating, local reactions (no spread) – 3",3,FP,130.9,0,LCFP,Commercial (LFP),0.541830065,0.505050505,0.437728938,0.378735632,0.317730496,0.644444444,0.528703704,0.473224044,0.375193798,0.321921922,0.442753623,0.333802817,0.310416667,0.341329875
46,OE-10Ahr-NMC-0SOC-cell1,"Moderate effect, extended joule heating, local reactions (limited spread) – 4",4,NA,129.1,2,NMC,Commercial (NMC),0.517647059,0.432828283,0.364102564,0.31408046,0.295035461,0.523809524,0.473148148,0.376502732,0.346511628,0.303128947,0.394202899,0.257746479,0.190625,0.238932714
47,OE-10Ahr-NMC-0SOC-cell2,"Moderate effect, extended joule heating, local reactions (no spread) – 3",3,NA,177.6,2,NMC,Commercial (NMC),0.621568627,0.559090909,0.436996337,0.351149425,0.300472813,0.603174603,0.521296296,0.392896175,0.338372093,0.295795796,0.553623188,0.448356808,0.382291667,0.326170799
48,OE-10Ahr-NMC-100SOC-cell10,"Physical effect, rupture of pouch, smoke, gas release, fire – 7",7,NA,164.1,2,NMC,Commercial (NMC),0.258169935,0.269191919,0.226739927,0.177873563,0.146335697,0.384126984,0.271296296,0.190163934,0.134883721,0.0832142,0.465217391,0.396244131,0.336805556,0.280991736
49,OE-10Ahr-NMC-100SOC-cell11,"Physical effect, rupture of pouch, smoke, gas release, fire – 7",7,TP,184.4,1,NMC,Commercial (NMC),0.179738562,0.138888889,0.100732601,0.100732601,0.100732601,0.095238095,0.065740741,0.071038251,0.086046512,0.071892437,0.547101449,0.444131455,0.383333333,0.163085399
50,OE-10Ahr-NMC-40SOC-cell1,"Moderate effect, extended joule heating, local reactions (limited spread) – 4",4,TP,172.9,1,NMC,Commercial (NMC),0.514379085,0.425252525,0.345054945,0.297988506,0.273758865,0.614285714,0.468518519,0.352459016,0.325581395,0.293284911,0.556521739,0.409389671,0.302777778,0.325344353
51,OE-10AHr-NMC-40SOC-Cell4,"Moderate effect, extended joule heating, local reactions (no spread) – 3",3,TP,186.7,1,NMC,Commercial (NMC),0.541176471,0.497979798,0.446886447,0.382758621,0.337115839,0.719047619,0.585185185,0.483060109,0.423255814,0.373873874,0.554347826,0.470422535,0.389236111,0.306060606
52,OE-10Ahr-NMC-70SOC-cell6,"Physical effect, rupture of pouch, smoke, gas release, fire – 7",7,TP,168.4,1,NMC,Commercial (NMC),0.464705882,0.411616162,0.31978022,0.250862069,0.206382979,0.547619048,0.434259259,0.271584699,0.192635659,0.153291479,0.385507246,0.374178404,0.353125,0.353168044
53,OE-10Ahr-NMC-70SOC-cell7,"Physical effect, rupture of pouch, smoke, gas release, fire – 7",7,TP,168.3,1,NMC,Commercial (NMC),0.148148148,0.145959596,0.105860806,0.083045977,0.083028083,0.196825397,0.248148148,0.146448087,0.103875969,0.04891735,0.527536232,0.397183099,0.317361111,0.253168044
54,OE-10Ahr-NMC-80SOC-cell8,"Physical effect, rupture of pouch, smoke, gas release, fire – 7",7,TP,162,1,NMC,Commercial (NMC),0.463398693,0.358080808,0.25970696,0.203735632,0.167612293,0.665079365,0.387962963,0.228961749,0.162403101,0.13232123,0.548550725,0.474647887,0.407291667,0.329476584
55,OE-10Ahr-NMC-80SOC-Cell9,"Physical effect, rupture of pouch, smoke, gas release, fire – 7",7,FP,172.1,1,NMC,Commercial (NMC),0.167973856,0.12979798,0.094139194,0.073850575,0.060756501,0.168253968,0.098148148,0.06284153,0.044573643,0.013892174,0.582608696,0.485915493,0.443402778,0.325895317
56,OE-LCO-6270mAh-40SOC,"Moderate effect, extended joule heating, local reactions (limited spread) – 4",NA,DID NOT DETECT EARLY,58.7,2,LCO,Commercial (LCO),0.526143791,0.489393939,0.442490842,0.406609195,0.364775414,0.614285714,0.574074074,0.466666667,0.415891473,0.372319847,0.557246377,0.455868545,0.403819444,0.266391185
57,OE-LCO-6340mAh-0SOC,"No effect, instant local Joule heating, no internal discharge – 1",1,NA,78.8,2,LCO,Commercial (LCO),0.339869281,0.354545455,0.361538462,0.315517241,0.294089835,0.553968254,0.457407407,0.421857923,0.356589147,0.321921922,0.452173913,0.308450704,0.280208333,0.345730028
58,OE-LCO-6400mAh-20SOC,"Moderate effect, extended joule heating, local reactions (no spread) – 3",3,TP,68.4,1,LCO,Commercial (LCO),0.40130719,0.361616162,0.343223443,0.337931034,0.319148936,0.507936508,0.42962963,0.408196721,0.379844961,0.351951952,0.580434783,0.476995305,0.392013889,0.398898072
59,OE-LCO-6470mAh-60SOC,"Physical effect (pouch swelling), rupture of pouch, gas release –  6",6,TP,89.6,1,LCO,Commercial (LCO),0.394117647,0.384848485,0.356776557,0.304885057,0.270685579,0.587301587,0.556481481,0.460655738,0.37751938,0.313819732,0.586956522,0.479812207,0.418055556,0.363360882
60,OE-LCO-6490mAh-60SOC,"Moderate effect, extended joule heating, local reactions (limited spread) – 4",4,FN,80.2,1,LCO,Commercial (LCO),0.515686275,0.416666667,0.36996337,0.324712644,0.274231678,0.625396825,0.566666667,0.432240437,0.367829457,0.343819573,0.619565217,0.520657277,0.458333333,0.266666667
61,OE-LCO-6500mAh-20SOC,"Moderate effect, extended joule heating, local reactions (no spread) – 3",3,TP,69.4,1,LCO,Commercial (LCO),0.485620915,0.432828283,0.372161172,0.339942529,0.310874704,0.615873016,0.542592593,0.464480874,0.407751938,0.363963964,0.42826087,0.372769953,0.322916667,0.339669421
62,OE-LCO-6500mAh-40SOC,"Moderate effect, extended joule heating, local reactions (limited spread) – 4",4,TP,55.9,1,LCO,Commercial (LCO),0.454248366,0.392929293,0.342124542,0.325862069,0.307801418,0.536507937,0.539814815,0.421857923,0.376744186,0.32897321,0.476811594,0.43286385,0.390972222,0.315702479
63,OE-LCO-6550mAh-20SOC,"Moderate effect, extended joule heating, local reactions (no spread) – 3",3,TP,63.9,1,LCO,Commercial (LCO),0.275163399,0.27020202,0.283150183,0.263505747,0.253900709,0.526984127,0.464814815,0.404371585,0.345736434,0.315015015,0.549275362,0.458685446,0.383333333,0.348760331
64,OE-LCO-6560mAh-0SOC,"Moderate effect, extended joule heating, local reactions (no spread) – 3",3,TP,63.9,1,LCO,Commercial (LCO),0.467973856,0.44040404,0.384615385,0.338218391,0.298345154,0.704761905,0.580555556,0.462295082,0.393410853,0.351651652,0.363768116,0.34741784,0.309722222,0.325619835
65,OE-LFP-cell14-60SOC-10Ah,"No effect, local heating, internal discharge – 2",2,TP,-1.2,1,LFP,Commercial (LFP),0.430065359,0.387373737,0.337362637,0.314655172,0.271631206,0.46031746,0.486111111,0.404918033,0.357751938,0.316216216,0.464492754,0.422535211,0.397916667,0.288980716
66,OE-LFP10Ah-0SOC-cell10,"No effect, local heating, internal discharge – 2",2,FP,-9999,1,LFP,Commercial (LFP),0.429411765,0.380808081,0.325641026,0.277298851,0.243971631,0.680952381,0.571296296,0.409836066,0.324031008,0.279279279,0.597101449,0.507511737,0.444791667,0.346831956
67,OE-LFP10Ah-0SOC-cell9,"No effect, local heating, internal discharge – 2",2,TP,119.2,1,LFP,Commercial (LFP),0.629411765,0.581313131,0.492673993,0.424712644,0.368085106,0.682539683,0.60462963,0.483606557,0.420930233,0.36966967,0.619565217,0.512676056,0.439583333,0.298347107
68,OE-LFP10Ah-100SOC-cell1,"Moderate effect, extended joule heating, local reactions (no spread) – 3",3,FP,-9999,0,LFP,Commercial (LFP),0.618300654,0.571212121,0.456043956,0.363218391,0.298817967,0.692063492,0.57962963,0.44863388,0.372868217,0.288888889,0.485507246,0.404225352,0.334375,0.351239669
69,OE-LFP10Ah-100SOC-cell12,"Moderate effect, extended joule heating, local reactions (no spread) – 3",3,FP,32.5,0,LFP,Commercial (LFP),0.552287582,0.50959596,0.460805861,0.430172414,0.385106383,0.674603175,0.55462963,0.477595628,0.431395349,0.373873874,0.607246377,0.47370892,0.399305556,0.290633609
70,OE-LFP10Ah-100SOC-cell2,"No effect, local heating, internal discharge – 2",2,FP,-9999,0,LFP,Commercial (LFP),0.609803922,0.586363636,0.513919414,0.448563218,0.386524823,0.617460317,0.568518519,0.465027322,0.393023256,0.35045045,0.588405797,0.511737089,0.461458333,0.379063361
71,OE-LFP10Ah-20SOC,"No effect, local heating, internal discharge – 2",2,FP,-9999,1,LFP,Commercial (LFP),0.57124183,0.511616162,0.44981685,0.413505747,0.380851064,0.612698413,0.562037037,0.470491803,0.415503876,0.373573574,0.547101449,0.46056338,0.397916667,0.395592287
72,OE-LFP10Ah-40SOC-cell7,"No effect, local heating, internal discharge – 2",2,TP,135.3,1,LFP,Commercial (LFP),0.596078431,0.525252525,0.452747253,0.392528736,0.350591017,0.665079365,0.596296296,0.490163934,0.395736434,0.364264264,0.578985507,0.430516432,0.347222222,0.409641873
73,OE-LFP10Ah-40SOC-cell8,"Moderate effect, extended joule heating, local reactions (no spread) – 3",3,TP,151.7,1,LFP,Commercial (LFP),0.612418301,0.537878788,0.465201465,0.426436782,0.397163121,0.668253968,0.603703704,0.503825137,0.426356589,0.386186186,0.579710145,0.46713615,0.388194444,0.257575758
74,OE-LFP10Ah-60SOC,"No effect, local heating, internal discharge – 2",2,FP,-16.6,0,LFP,Commercial (LFP),0.426143791,0.364646465,0.376190476,0.345114943,0.328368794,0.696825397,0.576851852,0.507103825,0.427131783,0.387387387,0.451449275,0.366197183,0.319791667,0.193112948
75,OE-LFP10Ah-70SOC-cell5,"No effect, local heating, internal discharge – 2",2,FP,133.7,0,LFP,Commercial (LFP),0.466666667,0.454040404,0.411355311,0.359195402,0.31465721,0.495238095,0.427777778,0.401639344,0.35,0.301801802,0.50942029,0.369483568,0.322569444,0.345730028
76,OE-LFP10Ah-70SOC-cell6,"No effect, local heating, internal discharge – 2",2,FP,-9999,0,LFP,Commercial (LFP),0.567320261,0.494444444,0.398534799,0.33591954,0.309456265,0.652380952,0.551851852,0.467213115,0.362403101,0.304804805,0.556521739,0.451643192,0.384027778,0.364187328
77,OE-LFP10Ah-80SOC-cell13,"Moderate effect, extended joule heating, local reactions (no spread) – 3",3,NA,27.7,2,LFP,Commercial (LFP),0.378431373,0.343434343,0.288644689,0.266954023,0.26501182,0.676190476,0.547222222,0.399453552,0.337984496,0.31951952,0.520289855,0.436619718,0.367013889,0.334986226
78,OE-LFP10Ah-80SOC-Cell15,"No effect, local heating, internal discharge – 2",2,TP,149.6,1,LFP,Commercial (LFP),0.573202614,0.518181818,0.413553114,0.36408046,0.322695035,0.703174603,0.578703704,0.428961749,0.369379845,0.327927928,0.522463768,0.469014085,0.420138889,0.288429752
79,OE-LFP10Ah-80SOC-cell3,"Moderate effect, extended joule heating, local reactions (no spread) – 3",3,FP,128.3,0,LFP,Commercial (LFP),0.635294118,0.568181818,0.484249084,0.435057471,0.407565012,0.712698413,0.571296296,0.487431694,0.419379845,0.387987988,0.594202899,0.525352113,0.447569444,0.379063361
80,OE-LFP10Ah-80SOC-cell4,"Moderate effect, extended joule heating, local reactions (no spread) – 3",3,TN,-9999,0,LFP,Commercial (LFP),0.44248366,0.391919192,0.322344322,0.289655172,0.278959811,0.595238095,0.536111111,0.426229508,0.365891473,0.335135135,0.515217391,0.418779343,0.354166667,0.272451791
81,OE-NMC10Ah-20SOC,"Moderate effect, extended joule heating, local reactions (no spread) – 3",3,TN,-9999,0,NMC,Commercial (NMC),0.573202614,0.519191919,0.435897436,0.387643678,0.350118203,0.641269841,0.580555556,0.49726776,0.434496124,0.383483483,0.552173913,0.45399061,0.407986111,0.302203857
82,OE-NMC10Ah-20SOC-cell2,"Moderate effect, extended joule heating, local reactions (no spread) – 3",3,TP,35.9,1,NMC,Commercial (NMC),0.532026144,0.50959596,0.450549451,0.417241379,0.374940898,0.63968254,0.565740741,0.473770492,0.43372093,0.378678679,0.588405797,0.5,0.44375,0.355647383
83,OE-NMC10Ah-45SOC,"Moderate effect, extended joule heating, local reactions (limited spread) – 4",4,FP,-9999,1,NMC,Commercial (NMC),0.467973856,0.418686869,0.411721612,0.378448276,0.359574468,0.561904762,0.537037037,0.444262295,0.398062016,0.313819749,0.610869565,0.477464789,0.380902778,0.392286501
84,OE-NMC10Ah-45SOC-cell2,"Moderate effect, extended joule heating, local reactions (limited spread) – 4",4,TP,13.1,1,NMC,Commercial (NMC),0.447712418,0.401515152,0.387179487,0.361206897,0.336879433,0.523809524,0.501851852,0.426229508,0.381782946,0.34312313,0.489130435,0.34741784,0.332638889,0.37768595
85,OE-NMC10Ah-50SOC,"Physical effect, rupture of pouch, smoke, gas release, fire – 7",7,FN,-19.1,1,NMC,Commercial (NMC),0.549019608,0.493434343,0.423076923,0.382183908,0.339007092,0.577777778,0.475925926,0.431147541,0.391472868,0.362398147,0.544927536,0.439906103,0.367013889,0.313774105
86,OE-NMC10Ah-60SOC,"Physical effect, rupture of pouch, smoke, gas release, fire – 7",7,TP,-2.8,1,NMC,Commercial (NMC),0.379084967,0.304040404,0.229304029,0.22816092,0.227186761,0.396825397,0.362037037,0.277595628,0.281007752,0.243897321,0.580434783,0.489201878,0.433680556,0.344077135
87,Soetria-80SOC-cell3,"Physical effect, rupture of pouch, smoke, gas release, fire – 7",7,TP,43.1,1,SO,Soteria,0.162091503,0.179292929,0.157875458,0.16954023,0.152245863,0.311111111,0.286111111,0.226229508,0.222093023,0.334987132,0.460869565,0.422065728,0.381597222,0.168937412
88,Soetria-Control-45SOC-cell1,"Physical effect (pouch swelling), rupture of pouch, gas release –  6",6,TP,47.1,1,SO,Soteria (Control),0.31503268,0.306060606,0.249084249,0.25545977,0.249172577,0.403174603,0.373148148,0.316939891,0.296899225,0.31099394,0.456521739,0.358215962,0.325694444,0.273553719
89,Sorteria-100SOC-cell1,"No effect, instant local Joule heating, no internal discharge – 1",1,FP,-9999,0,SO,Soteria,0.437908497,0.373232323,0.298168498,0.250287356,0.219148936,0.657142857,0.507407407,0.348087432,0.287209302,0.255555556,0.450724638,0.349295775,0.318055556,0.234986226
90,Sorteria-100SOC-cell2,"No effect, instant local Joule heating, no internal discharge – 1",1,FP,-9999,0,SO,Soteria,0.366666667,0.364141414,0.275091575,0.215804598,0.177541371,0.384126984,0.372222222,0.257923497,0.201937984,0.163663664,0.460869565,0.377934272,0.333680556,0.167217631
91,Sorteria-Control-100SOC-cell1,"Physical effect, rupture of pouch, smoke, gas release, fire – 7",7,TP,100.3,1,SO,Soteria (Control),0.41503268,0.361111111,0.295238095,0.256034483,0.21678487,0.384126984,0.264814815,0.252459016,0.179069767,0.388239175,0.473913043,0.428638498,0.384027778,0.165013774
92,Sorteria-Control-100SOC-cell2,"Physical effect, rupture of pouch, smoke, gas release, fire – 7",7,TP,100.3,1,SO,Soteria (Control),0.149019608,0.115151515,0.154945055,0.172126437,0.143498818,0.238095238,0.185185185,0.224043716,0.227131783,0.34109348,0.46884058,0.433802817,0.389930556,0.167217631
93,Sorteria-control-20SOC-cell1,"Physical effect (pouch swelling), extended joule heating, local reactions – 5",5,TP,110.5,1,SO,Soteria (Control),0.349019608,0.319191919,0.288644689,0.257183908,0.224113475,0.6,0.483333333,0.370491803,0.304263566,0.17431289,0.552173913,0.49342723,0.445833333,0.256749311
94,Sorteria-control-40SOC-cell2,"Physical effect (pouch swelling), rupture of pouch, gas release –  6",6,TP,59.6,1,SO,Soteria (Control),0.377777778,0.307070707,0.222710623,0.203448276,0.195035461,0.544444444,0.432407407,0.283606557,0.255426357,0.2732423,0.520289855,0.448356808,0.399652778,0.200550964
95,Sorteria-Control-60SOC-cell1,"Physical effect, rupture of pouch, smoke, gas release, fire – 7",7,TP,47.6,1,SO,Soteria (Control),0.57254902,0.524747475,0.461538462,0.389942529,0.345390071,0.711111111,0.60462963,0.497814208,0.390697674,0.19138297,0.443478261,0.36056338,0.304861111,0.37389417
96,Soteria-Control-0SOC-cell1,"Moderate effect, extended joule heating, local reactions (no spread) – 3",3,TP,73.9,1,SO,Soteria (Control),0.330718954,0.313131313,0.2996337,0.274137931,0.261702128,0.596825397,0.498148148,0.404918033,0.346899225,0.311711712,0.476086957,0.379342723,0.348263889,0.298347107
97,Soteria-control-10SOC-cell1,"Moderate effect, extended joule heating, local reactions (limited spread) – 4",4,TP,53.3,1,SO,Soteria (Control),0.480392157,0.395959596,0.28974359,0.275287356,0.260047281,0.633333333,0.475925926,0.404371585,0.371317829,0.144681937,0.526086957,0.435680751,0.373958333,0.303030303
98,Soteria-control-30SOC-cell1,"Physical effect (pouch swelling), extended joule heating, local reactions – 5",5,TP,-9999,1,SO,Soteria (Control),0.526797386,0.476262626,0.384981685,0.339942529,0.309456265,0.59047619,0.514814815,0.446448087,0.386046512,0.093728491,0.335507246,0.299061033,0.2875,0.332782369
99,Soteria-control-30SOC-cell2,"Physical effect (pouch swelling), extended joule heating, local reactions – 5",5,TP,49.5,1,SO,Soteria (Control),0.513071895,0.411111111,0.320512821,0.307471264,0.291489362,0.642857143,0.538888889,0.372131148,0.312015504,0.18321434,0.39057971,0.266666667,0.244097222,0.321212121
100,Soteria-Control-5010mAh-20SOC,"Moderate effect, extended joule heating, local reactions (limited spread) – 4",4,TP,61.6,1,SO,Soteria (Control),0.577777778,0.493434343,0.446153846,0.384482759,0.329314421,0.577777778,0.515740741,0.469398907,0.418217054,0.1893432,0.466666667,0.411267606,0.349652778,0.353443526
101,Soteria-Control-5030mAh-10SOC,"Moderate effect, extended joule heating, local reactions (no spread) – 3",3,TP,64.1,1,SO,Soteria (Control),0.626797386,0.574747475,0.480586081,0.384482759,0.33356974,0.704761905,0.576851852,0.481967213,0.413565891,0.11732894,0.564492754,0.496244131,0.427430556,0.338842975
102,Soteria-Control-50SOC,"Moderate effect, extended joule heating, local reactions (limited spread) – 4",4,TP,39.4,1,SO,Soteria (Control),0.453594771,0.365151515,0.31978022,0.304597701,0.294562648,0.56031746,0.442592593,0.366666667,0.337209302,0.31342432,0.604347826,0.503755869,0.427777778,0.320385675
103,Soteria-control-5100mAh-50SOC,"Physical effect (pouch swelling), rupture of pouch, gas release –  6",6,TP,50.6,1,SO,Soteria (Control),0.546405229,0.482323232,0.454212454,0.406034483,0.362884161,0.631746032,0.605555556,0.509289617,0.428682171,0.09809823,0.287681159,0.254929577,0.198958333,0.398347107
104,Soteria-Control-5100mAh-55SOC,"Physical effect (pouch swelling), rupture of pouch, gas release –  6",6,TP,66.7,1,SO,Soteria (Control),0.565359477,0.534848485,0.475457875,0.418678161,0.367612293,0.642857143,0.55462963,0.457923497,0.402325581,0.19328194,0.147826087,0.198591549,0.207986111,0.366391185
105,Soteria-Control-5120mAh-50SOC,"Moderate effect, extended joule heating, local reactions (limited spread) – 4",4,TP,58.4,1,SO,Soteria (Control),0.502614379,0.485858586,0.443589744,0.414942529,0.386288416,0.66984127,0.549074074,0.467759563,0.422093023,0.36839214,0.449275362,0.332394366,0.292013889,0.406060606
106,Soteria-SCC-20SOC-5180mAh,"No effect, instant local Joule heating, no internal discharge – 1",1,FP,-9999,0,SO,Soteria,0.262091503,0.222222222,0.231501832,0.237643678,0.227895981,0.415873016,0.378703704,0.33442623,0.310077519,0.289489489,0.167391304,0.122065728,0.116319444,0.265564738
107,Soteria-SCC-4160mAh-100SOC-8mm,"No effect, instant local Joule heating, no internal discharge – 1",1,FP,-9999,0,SO,Soteria,0.440522876,0.428282828,0.389010989,0.343103448,0.292907801,0.585714286,0.509259259,0.453005464,0.399224806,0.356456456,0.510144928,0.429577465,0.394444444,0.336088154
108,Soteria-SCC-4630mAh-10SOC,"No effect, instant local Joule heating, no internal discharge – 1",1,FP,-9999,0,SO,Soteria,0.366013072,0.340909091,0.305494505,0.26408046,0.248699764,0.512698413,0.405555556,0.326229508,0.277131783,0.254354354,0.554347826,0.480751174,0.404861111,0.267217631
109,Soteria-SCC-4700mAh-100SOC-12mm,"No effect, instant local Joule heating, no internal discharge – 1",NA,,-9999,2,SO,Soteria,0.45751634,0.381313131,0.328205128,0.291954023,0.265248227,0.522222222,0.442592593,0.349726776,0.303488372,0.266966967,0.25,0.202347418,0.204861111,0.280440771
110,Soteria-SCC-4720mAh-40SOC,"No effect, instant local Joule heating, no internal discharge – 1",1,FP,-9999,0,SO,Soteria,0.392156863,0.350505051,0.318681319,0.301436782,0.292198582,0.622222222,0.52962963,0.438797814,0.397674419,0.366666667,0.618115942,0.521596244,0.419444444,0.340495868
111,Soteria-SCC-4870mah-0SOC,"No effect, instant local Joule heating, no internal discharge – 1",1,FP,-9999,0,SO,Soteria,0.603267974,0.466161616,0.361538462,0.326436782,0.303546099,0.944444444,0.717592593,0.450273224,0.393410853,0.353153153,0.20942029,0.135680751,0.100347222,0.341046832
112,Soteria-SCC-5050mAhr-100SOC,"No effect, instant local Joule heating, no internal discharge – 1",1,FP,-9999,0,SO,Soteria,0.336601307,0.374747475,0.314652015,0.290229885,0.271631206,0.642857143,0.534259259,0.424043716,0.360852713,0.323723724,0.334782609,0.216901408,0.160416667,0.313498623
113,Soteria-SCC-5070-70SOC,"No effect, instant local Joule heating, no internal discharge – 1",1,FP,-9999,0,SO,Soteria,0.240522876,0.262121212,0.251648352,0.265517241,0.26855792,0.544444444,0.458333333,0.375409836,0.358139535,0.341141141,0.115942029,0.075117371,0.055555556,0.312947658
114,Soteria-SCC-5080mAh-20SOC,"No effect, instant local Joule heating, no internal discharge – 1",1,FP,-9999,0,SO,Soteria,0.474509804,0.46969697,0.393406593,0.344827586,0.321040189,0.647619048,0.537037037,0.459562842,0.409689922,0.372672673,0.280434783,0.222065728,0.164236111,0.372451791
115,Soteria-SCC-5170mAh-60SOC,"No effect, instant local Joule heating, no internal discharge – 1",1,FP,-9999,0,SO,Soteria,0.318954248,0.246464646,0.178754579,0.169444444,0.169444444,0.476190476,0.300925926,0.221857923,0.175968992,0.165165165,0.097826087,0.063380282,0.077083333,0.162534435
116,Soteria-SCC-60SOC-cell1,"No effect, instant local Joule heating, no internal discharge – 1",1,FP,-9999,0,SO,Soteria,0.263398693,0.232323232,0.205860806,0.168965517,0.145626478,0.487301587,0.385185185,0.241530055,0.190697674,0.16996997,0.402173913,0.287793427,0.212847222,0.160330579
117,Soteria-SCC-80SOC-cell1,"No effect, instant local Joule heating, no internal discharge – 1",1,FP,-9999,0,SO,Soteria,0.441830065,0.389393939,0.361904762,0.31408046,0.271158392,0.596825397,0.49537037,0.421311475,0.349612403,0.313213213,0.370289855,0.279342723,0.261111111,0.292286501
118,Soteria-SCC-90SOC-cell1,"No effect, instant local Joule heating, no internal discharge – 1",1,FP,-9999,0,SO,Soteria,0.192810458,0.181818182,0.208791209,0.234482759,0.203073286,0.236507937,0.310185185,0.297814208,0.306589147,0.252552553,0.524637681,0.430516432,0.380902778,0.236639118