cell_id,file,source,n_window,max_temp,y_true,y_pred,p_anomaly,correct
TN_cell10,TN_cell10.csv,tn,50000,398.7442932128906,0,1,0.7304625551386573,0
TN_cell11,TN_cell11.csv,tn,50000,391.3896789550781,0,1,0.7324451565587604,0
TN_cell12,TN_cell12.csv,tn,50000,397.1565246582031,0,1,0.730377580823094,0
TN_cell13,TN_cell13.csv,tn,50000,385.1535949707031,0,1,0.7336093470102397,0
TN_cell14,TN_cell14.csv,tn,50000,375.31060791015625,0,1,0.7360405977265027,0
TN_cell2,TN_cell2.csv,tn,50000,401.8297119140625,1,1,0.7299487214000007,1
TN_cell3,TN_cell3.csv,tn,50000,399.1004638671875,0,1,0.7304826287879621,0
TN_cell4,TN_cell4.csv,tn,50000,399.1004638671875,0,1,0.7304826287879621,0
TN_cell5,TN_cell5.csv,tn,50000,399.19671630859375,0,1,0.7303918980581611,0
TN_cell6,TN_cell6.csv,tn,50000,397.6786804199219,0,1,0.730964649899178,0
TN_cell7,TN_cell7.csv,tn,50000,398.1838684082031,0,1,0.7308351459853691,0
TN_cell8,TN_cell8.csv,tn,50000,396.3637390136719,0,1,0.7311630427955367,0
TN_cell9,TN_cell9.csv,tn,50000,391.9259948730469,0,1,0.7322159236354663,0
1500mAh1-100S0C.xlsx_reform_severity_level2,1500mAh1-100S0C.xlsx_reform_severity_level2.csv,processed,17181,92.85700225830078,1,1,0.9359714145583105,1
1500mAh1-20S0C.xlsx_reform_severity_level2,1500mAh1-20S0C.xlsx_reform_severity_level2.csv,processed,16949,83.96099853515625,1,1,0.8030784907171035,1
1500mAh1-40S0C.xlsx_reform_severity_level2,1500mAh1-40S0C.xlsx_reform_severity_level2.csv,processed,16353,92.1760025024414,1,1,0.8805165844230336,1
1500mAh1-60S0C.xlsx_reform_severity_level2,1500mAh1-60S0C.xlsx_reform_severity_level2.csv,processed,20842,93.19599914550781,1,1,0.8772083632288994,1
1500mAh1-80S0C.xlsx_reform_severity_level2,1500mAh1-80S0C.xlsx_reform_severity_level2.csv,processed,16260,93.12699890136719,1,1,0.9128520127697809,1
1500mAh2-100S0C.xlsx_reform_severity_level2,1500mAh2-100S0C.xlsx_reform_severity_level2.csv,processed,21359,93.00800323486328,1,1,0.9034055550259779,1
1500mAh2-20S0C.xlsx_reform_severity_level2,1500mAh2-20S0C.xlsx_reform_severity_level2.csv,processed,12524,72.2490005493164,1,1,0.8510946770512158,1
1500mAh2-40S0C.xlsx_reform_severity_level2,1500mAh2-40S0C.xlsx_reform_severity_level2.csv,processed,15226,81.05599975585938,1,1,0.8652396886306585,1
1500mAh2-60S0C.xlsx_reform_severity_level2,1500mAh2-60S0C.xlsx_reform_severity_level2.csv,processed,16666,99.38200378417969,1,1,0.9029367976556628,1
1500mAh2-80S0C.xlsx_reform_severity_level2,1500mAh2-80S0C.xlsx_reform_severity_level2.csv,processed,18825,97.46800231933594,1,1,0.8969496303887438,1
1500mAh3-100S0C.xlsx_reform_severity_level2,1500mAh3-100S0C.xlsx_reform_severity_level2.csv,processed,23397,102.12699890136719,1,1,0.8891700011280816,1
1500mAh3-20S0C.xlsx_reform_severity_level2,1500mAh3-20S0C.xlsx_reform_severity_level2.csv,processed,14741,81.35800170898438,1,1,0.8694754022111153,1
1500mAh3-40S0C.xlsx_reform_severity_level2,1500mAh3-40S0C.xlsx_reform_severity_level2.csv,processed,17939,95.37300109863281,1,1,0.8608476264712409,1
1500mAh3-60S0C.xlsx_reform_severity_level2,1500mAh3-60S0C.xlsx_reform_severity_level2.csv,processed,18828,99.12899780273438,1,1,0.8402489133733578,1
1500mAh3-80S0C.xlsx_reform_severity_level2,1500mAh3-80S0C.xlsx_reform_severity_level2.csv,processed,24014,95.79499816894531,1,1,0.8414574327349511,1
2000mAh1-100S0C.xlsx_reform_severity_level3,2000mAh1-100S0C.xlsx_reform_severity_level3.csv,processed,24536,83.6989974975586,1,1,0.8711356357347481,1
2000mAh1-20S0C.xlsx_reform_severity_level2,2000mAh1-20S0C.xlsx_reform_severity_level2.csv,processed,17499,93.14900207519531,1,1,0.845665631281271,1
2000mAh1-40S0C.xlsx_reform_severity_level2,2000mAh1-40S0C.xlsx_reform_severity_level2.csv,processed,17261,86.54900360107422,1,1,0.9119474369117097,1
2000mAh1-60S0C.xlsx_reform_severity_level3,2000mAh1-60S0C.xlsx_reform_severity_level3.csv,processed,26633,67.76499938964844,1,1,0.8831905938375556,1
2000mAh1-80S0C.xlsx_reform_severity_level3,2000mAh1-80S0C.xlsx_reform_severity_level3.csv,processed,28253,74.75900268554688,1,1,0.8435586268865662,1
2000mAh2-100S0C.xlsx_reform_severity_level3,2000mAh2-100S0C.xlsx_reform_severity_level3.csv,processed,29902,72.51300048828125,1,1,0.8435800947557035,1
2000mAh2-20S0C.xlsx_reform_severity_level2,2000mAh2-20S0C.xlsx_reform_severity_level2.csv,processed,14212,81.49199676513672,1,1,0.8882304317827553,1
2000mAh2-40S0C.xlsx_reform_severity_level2,2000mAh2-40S0C.xlsx_reform_severity_level2.csv,processed,21705,87.56400299072266,1,1,0.8545177530061604,1
2000mAh2-60S0C.xlsx_reform_severity_level3,2000mAh2-60S0C.xlsx_reform_severity_level3.csv,processed,26260,66.66899871826172,1,1,0.8962953824376805,1
2000mAh2-80S0C.xlsx_reform_severity_level3,2000mAh2-80S0C.xlsx_reform_severity_level3.csv,processed,28951,59.50299835205078,1,1,0.9030142613635745,1
500mAh1-100S0C.xlsx_reform_severity_level2,500mAh1-100S0C.xlsx_reform_severity_level2.csv,processed,23088,77.75299835205078,1,1,0.7827105272827063,1
500mAh1-20S0C.xlsx_reform_severity_level2,500mAh1-20S0C.xlsx_reform_severity_level2.csv,processed,13446,48.749000549316406,1,1,0.8073985698943731,1
500mAh1-40S0C.xlsx_reform_severity_level2,500mAh1-40S0C.xlsx_reform_severity_level2.csv,processed,14324,63.111000061035156,1,1,0.7366091972628169,1
500mAh1-60S0C.xlsx_reform_severity_level2,500mAh1-60S0C.xlsx_reform_severity_level2.csv,processed,15410,92.94400024414062,1,1,0.8218524193912585,1
500mAh1-80S0C.xlsx_reform_severity_level2,500mAh1-80S0C.xlsx_reform_severity_level2.csv,processed,15413,95.38099670410156,1,1,0.9232222849949422,1
500mAh2-100S0C.xlsx_reform_severity_level2,500mAh2-100S0C.xlsx_reform_severity_level2.csv,processed,19205,84.33100128173828,1,1,0.92696834486444,1
500mAh2-20S0C.xlsx_reform_severity_level2,500mAh2-20S0C.xlsx_reform_severity_level2.csv,processed,8930,62.222999572753906,1,1,0.8840305553319192,1
500mAh2-40S0C.xlsx_reform_severity_level2,500mAh2-40S0C.xlsx_reform_severity_level2.csv,processed,10211,90.34300231933594,1,1,0.8880589830279743,1
500mAh2-60S0C.xlsx_reform_severity_level2,500mAh2-60S0C.xlsx_reform_severity_level2.csv,processed,13750,83.1520004272461,1,1,0.8888886846164216,1
500mAh2-80S0C.xlsx_reform_severity_level2,500mAh2-80S0C.xlsx_reform_severity_level2.csv,processed,17437,75.25800323486328,1,1,0.9092605496729993,1
500mAh3-100S0C.xlsx_reform_severity_level2,500mAh3-100S0C.xlsx_reform_severity_level2.csv,processed,26438,88.94400024414062,1,1,0.9041288826121475,1
500mAh3-20S0C.xlsx_reform_severity_level2,500mAh3-20S0C.xlsx_reform_severity_level2.csv,processed,7300,79.9000015258789,1,1,0.8925730779140981,1
500mAh3-40S0C.xlsx_reform_severity_level2,500mAh3-40S0C.xlsx_reform_severity_level2.csv,processed,10334,78.07099914550781,1,1,0.9073936140977382,1
500mAh3-60S0C.xlsx_reform_severity_level2,500mAh3-60S0C.xlsx_reform_severity_level2.csv,processed,11511,83.98500061035156,1,1,0.9577106116406747,1
500mAh3-80S0C.xlsx_reform_severity_level2,500mAh3-80S0C.xlsx_reform_severity_level2.csv,processed,17785,82.97599792480469,1,1,0.9074428729002914,1
OE-LCO-6270mAh-40SOC.xlsx_reform_severity_level4,OE-LCO-6270mAh-40SOC.xlsx_reform_severity_level4.csv,processed,5215,60.4581298828125,1,1,0.9449365833744293,1
OE-LCO-6400mAh-20SOC.xlsx_reform_severity_level3,OE-LCO-6400mAh-20SOC.xlsx_reform_severity_level3.csv,processed,11275,78.04642486572266,1,1,0.9532511909291369,1
OE-LCO-6490mAh-60SOC.xlsx_reform_severity_level4,OE-LCO-6490mAh-60SOC.xlsx_reform_severity_level4.csv,processed,5650,53.408485412597656,1,1,0.8762734549353558,1
OE-LCO-6500mAh-20SOC.xlsx_reform_severity_level3,OE-LCO-6500mAh-20SOC.xlsx_reform_severity_level3.csv,processed,14200,97.4065933227539,1,1,0.9561698665158507,1
OE-LCO-6500mAh-40SOC.xlsx_reform_severity_level4,OE-LCO-6500mAh-40SOC.xlsx_reform_severity_level4.csv,processed,5518,60.14796447753906,1,1,0.9275832721122135,1
OE-LCO-6550mAh-20SOC.xlsx_reform_severity_level3,OE-LCO-6550mAh-20SOC.xlsx_reform_severity_level3.csv,processed,5736,78.78173065185547,1,1,0.9501841344203915,1
OE-LFP-cell14-60SOC-10Ah.xlsx_reform_severity_level2,OE-LFP-cell14-60SOC-10Ah.xlsx_reform_severity_level2.csv,processed,6147,56.14442825317383,1,1,0.9333499210513347,1
OE-LFP10Ah-20SOC.xlsx_reform_severity_level2,OE-LFP10Ah-20SOC.xlsx_reform_severity_level2.csv,processed,5945,49.391544342041016,1,1,0.899048134069564,1
OE-LFP10Ah-40SOC-cell8.xlsx_reform_severity_level3,OE-LFP10Ah-40SOC-cell8.xlsx_reform_severity_level3.csv,processed,5141,97.76741027832031,1,1,0.8213458722397591,1
OE-LFP10Ah-60SOC.xlsx_reform_severity_level2,OE-LFP10Ah-60SOC.xlsx_reform_severity_level2.csv,processed,6065,81.80669403076172,1,1,0.6647317930336365,1
OE-LFP10Ah-80SOC-cell13.xlsx_reform_severity_level3,OE-LFP10Ah-80SOC-cell13.xlsx_reform_severity_level3.csv,processed,6095,68.19229125976562,1,1,0.7796969526177235,1
OE-NMC10Ah-20SOC-cell2.xlsx_reform_severity_level3,OE-NMC10Ah-20SOC-cell2.xlsx_reform_severity_level3.csv,processed,5998,59.71587371826172,1,1,0.6939647063453971,1
OE-NMC10Ah-20SOC.xlsx_reform_severity_level3,OE-NMC10Ah-20SOC.xlsx_reform_severity_level3.csv,processed,5972,47.16050338745117,1,1,0.5908828573696393,1
OE-NMC10Ah-45SOC-cell2.xlsx_reform_severity_level4,OE-NMC10Ah-45SOC-cell2.xlsx_reform_severity_level4.csv,processed,5807,60.27170181274414,1,1,0.9728799800352481,1
OE-NMC10Ah-45SOC.xlsx_reform_severity_level4,OE-NMC10Ah-45SOC.xlsx_reform_severity_level4.csv,processed,5920,46.25370407104492,1,1,0.9419338348607664,1
Soetria-Control-45SOC-cell1.xlsx_reform_severity_level6,Soetria-Control-45SOC-cell1.xlsx_reform_severity_level6.csv,processed,9078,150.24270629882812,0,1,0.6794415294529416,0
Sorteria-100SOC-cell1.xlsx_reform_severity_level1,Sorteria-100SOC-cell1.xlsx_reform_severity_level1.csv,processed,5779,27.133310317993164,0,0,0.3794934777670742,1
Sorteria-control-20SOC-cell1.xlsx_reform_severity_level5,Sorteria-control-20SOC-cell1.xlsx_reform_severity_level5.csv,processed,11085,144.91114807128906,1,1,0.9470755430395877,1
Sorteria-control-40SOC-cell2.xlsx_reform_severity_level6,Sorteria-control-40SOC-cell2.xlsx_reform_severity_level6.csv,processed,10540,150.24270629882812,0,1,0.8921982910631212,0
Soteria-Control-0SOC-cell1.xlsx_reform_severity_level3,Soteria-Control-0SOC-cell1.xlsx_reform_severity_level3.csv,processed,7365,123.02772521972656,1,1,0.9258434197010971,1
Soteria-Control-5010mAh-20SOC.xlsx_reform_severity_level4,Soteria-Control-5010mAh-20SOC.xlsx_reform_severity_level4.csv,processed,7095,150.24270629882812,0,1,0.5558278442061787,0
Soteria-Control-5030mAh-10SOC.xlsx_reform_severity_level3,Soteria-Control-5030mAh-10SOC.xlsx_reform_severity_level3.csv,processed,6998,136.5707550048828,1,0,0.49932406403874385,0
Soteria-Control-50SOC.xlsx_reform_severity_level4,Soteria-Control-50SOC.xlsx_reform_severity_level4.csv,processed,7612,105.57455444335938,1,1,0.5732981220605505,1
Soteria-Control-5120mAh-50SOC.xlsx_reform_severity_level4,Soteria-Control-5120mAh-50SOC.xlsx_reform_severity_level4.csv,processed,10518,150.24270629882812,0,1,0.6122480858341167,0
Soteria-SCC-20SOC-5180mAh.xlsx_reform_severity_level1,Soteria-SCC-20SOC-5180mAh.xlsx_reform_severity_level1.csv,processed,5969,25.186384201049805,0,0,0.239785927232714,1
Soteria-SCC-4160mAh-100SOC-8mm.xlsx_reform_severity_level1,Soteria-SCC-4160mAh-100SOC-8mm.xlsx_reform_severity_level1.csv,processed,5271,27.976213455200195,0,0,0.25900008931326757,1
Soteria-SCC-4630mAh-10SOC.xlsx_reform_severity_level1,Soteria-SCC-4630mAh-10SOC.xlsx_reform_severity_level1.csv,processed,8409,25.52438735961914,0,0,0.26150999723687396,1
Soteria-SCC-4700mAh-100SOC-12mm.xlsx_reform_severity_level1,Soteria-SCC-4700mAh-100SOC-12mm.xlsx_reform_severity_level1.csv,processed,5854,26.824594497680664,0,0,0.27971877258502914,1
Soteria-SCC-4720mAh-40SOC.xlsx_reform_severity_level1,Soteria-SCC-4720mAh-40SOC.xlsx_reform_severity_level1.csv,processed,5079,27.366456985473633,0,0,0.2534345984201305,1
Soteria-SCC-4870mah-0SOC.xlsx_reform_severity_level1,Soteria-SCC-4870mah-0SOC.xlsx_reform_severity_level1.csv,processed,5963,24.988740921020508,0,0,0.29707406217058535,1
Soteria-SCC-5050mAhr-100SOC.xlsx_reform_severity_level1,Soteria-SCC-5050mAhr-100SOC.xlsx_reform_severity_level1.csv,processed,6931,28.972570419311523,0,0,0.3256805551796867,1
Soteria-SCC-5070-70SOC.xlsx_reform_severity_level1,Soteria-SCC-5070-70SOC.xlsx_reform_severity_level1.csv,processed,5802,26.743328094482422,0,0,0.2864693853716084,1
Soteria-SCC-5080mAh-20SOC.xlsx_reform_severity_level1,Soteria-SCC-5080mAh-20SOC.xlsx_reform_severity_level1.csv,processed,7557,27.014671325683594,0,0,0.3053600262514717,1
Soteria-SCC-5170mAh-60SOC.xlsx_reform_severity_level1,Soteria-SCC-5170mAh-60SOC.xlsx_reform_severity_level1.csv,processed,7927,25.74399757385254,0,0,0.27438553423532763,1
Soteria-SCC-60SOC-cell1.xlsx_reform_severity_level1,Soteria-SCC-60SOC-cell1.xlsx_reform_severity_level1.csv,processed,7196,28.31651496887207,0,0,0.3549816006158278,1
Soteria-SCC-80SOC-cell1.xlsx_reform_severity_level1,Soteria-SCC-80SOC-cell1.xlsx_reform_severity_level1.csv,processed,8601,29.956174850463867,0,1,0.5221623297920004,0
Soteria-SCC-90SOC-cell1.xlsx_reform_severity_level1,Soteria-SCC-90SOC-cell1.xlsx_reform_severity_level1.csv,processed,7869,30.761402130126953,0,1,0.5823831338903622,0
Soteria-control-10SOC-cell1.xlsx_reform_severity_level4,Soteria-control-10SOC-cell1.xlsx_reform_severity_level4.csv,processed,7752,134.89845275878906,1,1,0.9130853567886482,1
Soteria-control-30SOC-cell1.xlsx_reform_severity_level5,Soteria-control-30SOC-cell1.xlsx_reform_severity_level5.csv,processed,13341,146.1774139404297,1,1,0.8867832076773994,1
Soteria-control-30SOC-cell2.xlsx_reform_severity_level5,Soteria-control-30SOC-cell2.xlsx_reform_severity_level5.csv,processed,14849,133.94491577148438,1,1,0.9206274835926967,1
